{
  "project_info": {
    "project_number": "634031988377",
    "project_id": "cyptracker",
    "storage_bucket": "cyptracker.appspot.com"
  },
  "client": [
    {
      "client_info": {
        "mobilesdk_app_id": "1:634031988377:android:3724c7ae14099aa21f2208",
        "android_client_info": {
          "package_name": "com.example.sample"
        }
      },
      "oauth_client": [
        {
          "client_id": "634031988377-79671ja8sl2gttcomb7b0a3r83qhboce.apps.googleusercontent.com",
          "client_type": 1,
          "android_info": {
            "package_name": "com.example.sample",
            "certificate_hash": "b154b8031b91655a2db860f62688cefd2407dd82"
          }
        },
        {
          "client_id": "634031988377-fjfrfnhahshho2f1k8qe1raqubj8qq68.apps.googleusercontent.com",
          "client_type": 3
        }
      ],
      "api_key": [
        {
          "current_key": "AIzaSyCzZhT2cQ92pHqr4PxWOQFF2U5nX7zrAuc"
        }
      ],
      "services": {
        "appinvite_service": {
          "other_platform_oauth_client": [
            {
              "client_id": "634031988377-fjfrfnhahshho2f1k8qe1raqubj8qq68.apps.googleusercontent.com",
              "client_type": 3
            }
          ]
        }
      }
    }
  ],
  "configuration_version": "1"
}